MULTIVERSE NAME;DETAIL;GALAXY NAME;MULTIVERSE ID
Vũ trụ 7;Thiên hà có một dải tối hấp thụ bụi phía trước trung tâm thiên hà, dẫn đến tên "Thiên hà Mắt Đen";Mắt Đen;1;
Vũ trụ 500;Là một thiên hà mờ, khả năng quan sát thấy nó bị ảnh hưởng mạnh bởi sự ô nhiễm ánh sáng, có thể nhìn thấy nó trên bầu trời tối đen nhưng có thể không quan sát được trong khu vực dân cư;Tam Giác;2
Vũ trụ 500;Là một thiên hà xoắn ốc trung gian vì có thể thấy những nhánh xoắn ốc mở rộng ra ngoài,Với đường kính vào khoảng 170.000 năm ánh sáng, kích thước của nó gần bằng hai lần kích thước của Ngân Hà. Khối lượng của đĩa thiên hà vào khoảng 100 tỷ lần khối lượng Mặt Trời, cùng với một chỗ phình nhỏ bằng khoảng 3 tỷ lần khối lượng Mặt Trời;Chong chóng(Messier 101);2
Vũ trụ nước;các thiên hà tồn tại và tương tác với nhau theo cách đặc biệt. Thay vì tồn tại một cách riêng biệt, các thiên hà có thể "chồng chất" lên nhau, tạo ra một cấu trúc không gian phức tạp. Điều này dẫn đến việc có nhiều hơn một thiên hà "sống" trong cùng một không gian, tạo ra một thế giới vũ trụ đa sắc tố.;thiên hà chồng chất;6
Vũ trụ AstraVerse;Trong đa vũ trụ này, mỗi thiên hà tồn tại theo một nguyên tắc đối nghịch với một thiên hà khác. Ví dụ, một thiên hà có thể tồn tại trong bóng tối và chỉ phát sáng trong sự im lặng tuyệt đối, trong khi thiên hà khác lại phát sáng mạnh mẽ nhưng không tồn tại trong không gian màu sắc. Các sự đối nghịch này tạo ra một sự cân bằng đặc biệt trong vũ trụ đa vũ trụ này;thiên hà đối nghịch;7
