NAME;DETAIL
Vũ trụ 7;Kết nối với hố trắng và đường hầm lượng tử vũ trụ 8 và vũ trụ 6  ước tính có khoảng 1 nghìn tỷ thiên hà đã được quan sát và có đường kính khoảng 20 tỷ parsec(65 tỷ năm ánh sáng) được tạo nên từ 5% vật chất baryon,vật chất tối 30%, năng lượng tối 65% và là vũ trụ chứa đầy sức mạnh
Vũ trụ 500;Kết nối với hố trắng và đường hầm lượng tử vũ trụ 499 và vũ trụ 501 ước tính có khoảng 200 triệu thiên hà và có đường kính khoảng 5 tỷ parsec(16 tỷ năm ánh sáng) được tạo nên từ 30% vật chất baryon,vật chất tối 0%, năng lượng tối 70% và là vũ trụ chứa đầy sự thách thức
Vũ trụ đa chiều;Trong vũ trụ này, không gian có nhiều hơn ba chiều. Các cư dân của vũ trụ này có thể tồn tại và di chuyển qua các chiều không gian bổ sung, mở ra khả năng khám phá các vùng không gian và thực thể không thể thấy được từ thực tại ba chiều của chúng ta. Điều này mở ra những khám phá mới về hình thức và cấu trúc của vũ trụ.
Vũ trụ thời gian đảo ngược;Trong vũ trụ này, thời gian di chuyển theo chiều ngược lại so với thế giới thực của chúng ta. Mọi sự kiện diễn ra ngược lại, từ các hành tinh quay ngược trái đất đến con người sống ngược từ tuổi già đến tuổi trẻ. Các cư dân của vũ trụ này phải thích ứng với luật lệ và hiện tượng ngược đảo của thời gian, sử dụng các công nghệ đặc biệt để tương tác và tồn tại trong môi trường này
Vũ trụ nước;Trong vũ trụ này, không gian được thay thế bằng một chất lỏng mờ, tương tự như nước. Các hành tinh và ngôi sao đều tồn tại dưới dạng những vùng dòng chảy trong nước, tạo ra các mô hình động của hệ thống mặt trời và các hành tinh chúng ta. Các vật thể trong vũ trụ này không di chuyển theo quỹ đạo như trên không gian, mà chúng có thể lưu chuyển và tương tác với nhau theo cách khác biệt
Vũ trụ AstraVerse;Trong vũ trụ này, yếu tố tâm linh và siêu nhiên được coi là phần không thể thiếu của cuộc sống. Các hành tinh và ngôi sao có sức mạnh siêu nhiên, và các cư dân của vũ trụ này sử dụng và phát triển các năng lực tâm linh để tương tác với vũ trụ với nhau
