SCIENTIST_ID;TITLE;CONTENT
1;Vũ trụ đa chiều;Là vũ trụ thích hợp cho những ai muốn được bức phá ra khỏi không gian ba chiều thông thường có thể thấy được nhiều sinh vật mà mắt thường ko thể nào thấy được ngoài ra có thể dùng thử sức mạnh đi xuyên vũ trụ có một ko 2 tại vũ trụ này
1;Vũ trụ AstraVerse;Bạn là người theo chủ nghĩa tâm linh? Thì thật là hay đây là cơ hội để cho bạn trải nghiệm hành tinh chuyên về tâm linh và sức mạnh siu nhiên ngoài ra mọi hành tinh đều có thể tương tác với nhau thông qua sức mạnh siêu linh này. Đáng để bạn thử chứ ???
2;Vũ trụ thời gian đảo ngược;Quy luật tự nhiên là đi theo cùng chiều kim đồng hồ ? Sr nhen ở đây chúng tôi đi ngược lại với quy luật đó. Có bao giờ bạn suy nghĩ nếu như con người đi ngược lại thời gian thì như thế nào ko ? Hãy cùng chúng tôi khám phá điều này nhé
7;Vũ trụ excas;những điều bí ẩn 
